Molecule,mw,area,smiles,formula,Total electronic energy (eV),HOMO (eV),LUMO(ev),Chemical hardness,Dipole moment,Polarizability
1-Docosene,308.6,7.17,CCCCCCCCCCCCCCCCCCCCC=C,C22H44,          -23493.16916 ,-8.2309,0.9235,4.5772, 0.73226, 354.00010
1-Dodecene,168.32,0.94,CCCCCCCCCCC=C,C12H24,          -12814.03803 ,-8.0892,0.9009,4.4950, 0.64449, 193.81990
1-Heptadecene,238.5,1.25,CCCCCCCCCCCCCCCC=C,C17H34,          -18153.51428 ,-8.2488,1.0395,4.6441, 0.63415, 273.01441
1-Nonadecene,266.5,1.31,CCCCCCCCCCCCCCCCCC=C,C19H38,          -20289.55912 ,-8.2369,0.8741,4.5555, 0.57413, 305.20280
1-Octadecene,252.5,1.31,CCCCCCCCCCCCCCCCC=C,C18H36,          -19221.42959 ,-8.279,0.9282,4.6036, 0.74124, 289.85043
1-Pentadecene,210.4,1.52,CCCCCCCCCCCCCC=C,C15H30,          -16017.80102 ,-8.2558,1.0852,4.6705, 0.70824, 240.21816
1-Tetracosene,336.6,7.42,CCCCCCCCCCCCCCCCCCCCCCC=C,C24H48,          -25629.13168 ,-8.1614,0.9717,4.5666, 0.70046, 384.42163
1-Tetradecene,196.37,1.39,CCCCCCCCCCCCC=C,C14H28,          -14949.89266 ,-8.2431,0.9455,4.5943, 0.60783, 225.74303
1-Tricosene,322.6,0.76,CCCCCCCCCCCCCCCCCCCCCC=C,C23H46,          -24561.19227 ,-8.2875,0.918,4.6027, 0.68800, 368.70511
1-Tridecene,182.35,1.12,CCCCCCCCCCCC=C,C13H26,          -13881.90537 ,-8.2339,0.949,4.5915, 0.74653, 209.02291
1-Undecene,154.29,1.36,CCCCCCCCCC=C,C11H22,          -11746.05138 ,-8.259,1.0857,4.6723, 0.75219, 176.97508
10-Henicosene,294.6,1.03,CCCCCCCCCCC=CCCCCCCCCC,,          -22425.32185 ,-7.7425,1.099,4.4207, 0.38510, 339.62338
2-Methoxy-4-vinylphenol,150.17,0.48,COC1=C(C=CC(=C1)C=C)O,C9H10O2,          -13566.46031 ,-6.7615,-0.4465,3.1575, 3.31778, 165.58651
2-Methoxy-6-methylphenol,138.16,0.22,CC1=C(C(=CC=C1)OC)O,C8H10O2,          -12532.16507 ,-6.9699,0.5735,3.7717, 3.04713, 138.17131
2-methoxy-4-1-propenyl-phenol,164.2,0.28,CC=CC1=CC(=C(C=C1)O)OC,C10H12O2,          -14634.38309 ,-6.6306,-0.2796,3.1755, 3.83500, 183.34359
2-methoxyphenol,124.14,1.04,COC1=CC=CC=C1O,C7H8O2,          -11464.11943 ,-7.0399,0.4347,3.7373, 3.59620, 120.35919
26-dimethylphenol,122.16,1.43,CC1=C(C(=CC=C1)C)O,C8H10O,          -10488.66325 ,-7.1802,0.4794,3.8298, 2.07476, 132.97334
3-EicoseneE-,280.5,2.16,CCCCCCCCCCCCCCCCC=CCC,,          -21357.55149 ,-7.7663,1.1416,4.4539, 0.45380, 322.19547
4-ethyl-2-methoxyphenol,152.19,0.5,CCC1=CC(=C(C=C1)O)OC,C9H12O2,          -13600.06669 ,-6.8647,0.4624,3.6635, 3.79250, 154.89823
Cetene,224.42,1.69,CCCCCCCCCCCCCCC=C,C16H32,          -17085.84365 ,-8.2643,0.992,4.6281, 0.76782, 257.71110
Docosane,310.6,0.69,CCCCCCCCCCCCCCCCCCCCCC,C22H46,          -23527.14039 ,-9.2124,1.588,5.4002, 0.04732, 352.79739
Dodecane,170.33,0.41,CCCCCCCCCCCC,C12H26,          -12847.73067 ,-9.2131,1.7139,5.4635, 0.16811, 193.79348
Eicosane,282.5,0.57,CCCCCCCCCCCCCCCCCCCC,C20H42,          -21391.11746 ,-9.2173,1.4586,5.3380, 0.05911, 320.85797
Eicosanoicacid,312.5,8.53,CCCCCCCCCCCCCCCCCCCC(=O)O,C20H40O2,          -25446.92441 ,-9.1923,0.9779,5.0851, 2.25126, 324.89127
Heneicosane,296.6,1.47,CCCCCCCCCCCCCCCCCCCCC,C21H44,          -22459.04548 ,-9.1862,1.2621,5.2241, 0.11979, 337.23035
Heptacos-1-ene,378.7,0.53,CCCCCCCCCCCCCCCCCCCCCCCCCC=C,C27H54,          -28833.02623 ,-8.2386,0.8084,4.5235, 0.70682, 431.85455
Heptadecane,240.5,0.53,CCCCCCCCCCCCCCCCC,C17H36,          -18187.20121 ,-9.1406,1.598,5.3693, 0.09627, 272.59031
Hexacosanal,380.7,0.43,CCCCCCCCCCCCCCCCCCCCCCCCCC=O,C26H52O,          -29809.38642 ,-8.6847,-0.0301,4.3273, 4.17534, 414.12701
Hexacosanoicacid,396.7,5.27,CCCCCCCCCCCCCCCCCCCCCCCCCC(=O)O,C26H52O2,          -31854.64629 ,-9.1827,1.0075,5.0951, 2.46423, 420.66440
Hexadecane,226.44,0.51,CCCCCCCCCCCCCCCC,C16H34,          -17119.45439 ,-9.2548,1.5197,5.3872, 0.12142, 257.55772
Nonadecane,268.5,0.8,CCCCCCCCCCCCCCCCCCC,C19H40,          -20322.96939 ,-9.1641,1.5858,5.3750, 0.19162, 305.34472
Octadecane,254.5,0.46,CCCCCCCCCCCCCCCCCC,C18H38,          -19255.08762 ,-9.1834,1.5362,5.3598, 0.18231, 289.50485
Octadecanoicacid,284.5,3.84,CCCCCCCCCCCCCCCCCC(=O)O,C18H36O2,          -23310.98518 ,-9.259,0.877,5.0680, 2.73915, 291.75387
Pentadecane,212.41,0.65,CCCCCCCCCCCCCCC,C15H32,          -16051.52546 ,-9.1931,1.6482,5.4207, 0.13064, 241.34312
Pentadecanoicacid,242.4,0.45,CCCCCCCCCCCCCCC(=O)O,C15H30O2,          -20107.42449 ,-9.2122,0.8965,5.0543, 2.72265, 245.28647
Stigmast-4-en-3-one,412.7,0.85,CCC(CCC(C)C1CCC2C1(CCC3C2CCC4=CC(=O)CCC34C)C)C(C)C,C29H48O,          -32848.76691 ,-8.0946,-0.8194,3.6376, 7.24475, 455.67740
Stigmast-5-ene3beta-methoxy-,428.7,2.54,CCC(CCC(C)C1CCC2C1(CCC3C2CC=C4C3(CCC(C4)OC)C)C)C(C)C,C30H52O,          -33948.94993 ,-7.3638,1.3275,4.3457, 1.91676, 473.66507
Tetracosanal,352.6,0.58,CCCCCCCCCCCCCCCCCCCCCCCC=O,C24H48O,          -27673.35080 ,-8.7027,-0.0054,4.3487, 4.12887, 383.92077
Tetracosane,338.7,1.11,CCCCCCCCCCCCCCCCCCCCCCCC,C24H50,          -25662.94882 ,-9.183,1.1963,5.1897, 0.11338, 385.04945
Tetracosanoicacid,368.6,17.6,CCCCCCCCCCCCCCCCCCCCCCCC(=O)O,C24H48O2,          -29718.62253 ,-9.1771,0.9198,5.0484, 2.79390, 388.47173
Tetracosanoicacidmethylester,382.7,0.91,CCCCCCCCCCCCCCCCCCCCCCCC(=O)OC,C25H50O2,          -30785.74558 ,-9.034,1.0221,5.0281, 2.90177, 402.87251
Tetradecane,198.39,0.77,CCCCCCCCCCCCCC,C14H30,          -14983.26983 ,-9.0889,1.6015,5.3452, 0.05119, 223.64069
Tricosane,324.6,1.23,CCCCCCCCCCCCCCCCCCCCCCC,C23H48,          -24594.97117 ,-9.0752,1.4777,5.2765, 0.12441, 369.93806
Tridecane,184.36,0.48,CCCCCCCCCCCCC,C13H28,          -13915.69774 ,-9.2848,1.6128,5.4488, 0.14135, 209.96015
cis-Vaccenicacid,282.5,8.72,CCCCCCC=CCCCCCCCCCC(=O)O,C18H34O2,          -23277.66782 ,-7.7367,0.9053,4.3210, 2.67154, 296.27555
n-Hexadecanoicacid,256.42,4.1,CCCCCCCCCCCCCCCC(=O)O,C16H32O2,          -21175.30689 ,-9.2346,0.8501,5.0423, 2.70357, 260.68263
n-Tetracosanol-1,354.7,1.57,CCCCCCCCCCCCCCCCCCCCCCCCO,C24H50O,          -27706.81103 ,-9.087,1.4966,5.2918, 2.18018, 388.78911
